{"accuract": 0.6713660335734721, "recall": 0.6437648927720413, "best_model_name": "Logistic Regression"}